Workbook

Sheet INSTRUCTIONS
A1: NIST Self-Assessment tool for Miss Jean's Flowers.
A2: by Sam Bronson.
A3: Please review the following instructions on this page to ensure that the tool is used appropriately.
A5: Tab Colors.
A6: Tabs highlighted in green requires user input.
A7: Tabs highlighted in blue should be reviewed. They do not contain user input.
A8: Tabs highlighted in red contain background data that should not be accessed.
A10: How to use this tool.
A11: 1. Enter the organizational profiles and complete relevant information in the fields.
A12: 2. Proceed through the green tabs and respond to the questions posed. Enter a question score 0-4 for how closely you meet the objective.
A13: 3. Review each of the summary sheets. Note how the ranking is automatically determined.
A14: 4. Proceed to the current profile summary sheet. This page shows the NIST categories, and their level of achievement.
A17: Note: This assessment highlights key areas for improvement in your organization's security posture using the NIST Framework. While some demonstrate strong implementation, others may require attention. This tool was designed with security robustness in mind.

Sheet ORGANIZATIONAL PROFILE
A1: Organization Information | D1: Roles
A2: Organization Name | D2: The following roles have been defined by relevant standards. Enter in the space provided the name of the person who best fits that role in your organization.
A3: Organization Address
A4: Assessment Executive Sponsor
A5: Assessment Technical Leader
A6: Assessment Date | D6: Leadership / Executive / Management
D7: Project Sponsor / Owner
A8: Assessment Scope | D8: Chief Information Officer
D9: Chief Information Security Officer
D10: Human Resources Manager
D11: Facilities Manager
D12: Physical Security Manager
A13: System Name | B13: System Priority (1 = Not Critical, 5 = Critical) | D13: IT Manager - Networking
D14: IT Manager - Client Services
D15: IT Manager - Information Systems
D16: IT Manager - Project Management
D17: Legal Department
D18: Risk and Compliance Officer
D19: Finance Manager - Audit and Controls
D20: Technical / Functional
D21: Information Security Officer
D22: Security Analyst
D23: System Administrator / Architect
D24: System Administrator / Architect
D25: System Administrator / Architect
... D35: Programmer

Sheet PR.AT
A1: Subcategory | B1: Objectives | C1: Question | D1: Score Dropdown [0-4] | E1: Answer Guidance. | G1: Scoring Scale
A2: PR.AT-1: All users are informed and trained | B2: Ensure that users are informed and trained | C2: To what extent does your cybersecurity awareness and or training cover necessary topics relevant to your business operations, especially with phishing and data handling? | D2: 0 | E2: =IF(D2=0,"No training is provided",IF(D2=1,"Basic traning is provided, but not tailored to business operations",IF(D2=2,"Training covers some relevant topics but lacks depth",IF(D2=3,"Comprehensive training covering most relevant topics",IF(D2=4,"Fully comprehensive training, regularly updated to cover all necessary topics"))))) -> No training is provided | G2: 0. Not Implemented
C3: How regularly is the training program updated to incorporate the latest cybersecurity threats and best practices? | D3: 0 | E3: =IF(D3=0,"Never updated",IF(D3=1,"Updated infrequently (e.g., every few years)",IF(D3=2,"Updated annually",IF(D3=3,"Updated semi-annually",IF(D3=4,"Updated continuously or as new threats emerge"))))) -> Never updated | G3: 1. Partially Implemented
A4: PR.AT-2: Privileged users understand their roles and responsibilities | B4: Ensure that users with privilege over systems understand their roles and responsibilities | C4: How effectiveley is cybersecurity training customized to address the specific needs and responsibilities of different employee roles? | D4: 0 | E4: =IF(D4=0,"No role-specific training",IF(D4=1,"Minimal customization for roles",IF(D4=2,"Some customization for key roles",IF(D4=3,"Well-customized for most roles",IF(D4=4,"Fully customized for all roles, with regular updates"))))) -> No role-specific training | G4: 2. Moderately Implemented
C5: To what degree are employees assessed and confirmed to understand their cybersecurity responsibilities related to their roles? | D5: 0 | E5: =IF(D5=0,"No assessments conducted",IF(D5=1,"Rare assessments with minimal feedback",IF(D5=2,"Occasional assessments with some feedback",IF(D5=3,"Regular assessments with detailed feedback",IF(D5=4,"Continuous assessments with comprehensive feedback and follow-up"))))) -> No assessments conducted | G5: 3. Mostly Implemented
A6: PR.AT-3: Third-party stakeholders (e.g., suppliers, customers, partners) understand their roles and responsibilities | B6: Ensure that third-party stakeholders understand their roles and responsibilities | C6: How well are third-party vendors and partners informed about and compliant with your cybersecurity policies? | D6: 0 | E6: =IF(D6=0,"No communication of policies",IF(D6=1,"Minimal communication, no compliance checks",IF(D6=2,"Some communication, occasional compliance checks",IF(D6=3,"Regular communication and compliance checks",IF(D6=4,"Thorough communication and rigorous compliance checks"))))) -> No communication of policies | G6: 4. Fully Implemented
C7: How effectiveley are cybersecurity expectations communicated to third-party stakeholders? | D7: 0 | E7: =IF(D7=0,"Not communicated",IF(D7=1,"Poorly communicated",IF(D7=2,"Communicated but not clearly",IF(D7=3,"Clearly communicated with some follow-up",IF(D7=4,"Clearly communicated with regular follow-up and support"))))) -> Not communicated
A8: PR.AT-4: Senior executives understand their roles and responsibilities | B8: Ensure that senior executives understand their roles and responsibilities | C8: To what extent are senior executives actively informed and engaged in understanding cybersecurity risks? | D8: 0 | E8: =IF(D8=0,"Not informed or engaged",IF(D8=1,"Minimal engagement",IF(D8=2,"Some engagement, limited understanding",IF(D8=3,"Actively informed and somewhat engaged",IF(D8=4,"Fully informed and highly engaged"))))) -> Not informed or engaged
C9: How effectively do senior executives support cybersecurity initiatives through decision-making and resource allocation? | D9: 0 | E9: =IF(D9=0," No support provided",IF(D9=1,"Minimal support",IF(D9=2,"Some support, inconsistent",IF(D9=3,"Regular support, mostly consistent",IF(D9=4,"Strong, consistent support with proactive resource allocation"))))) -> No support provided
A10: PR.AT-5: Physical and cybersecurity personnel understand their roles and responsibilities | B10: Ensure that physical cybersecurity personnel understand their roles and responsibilities | C10: How are roles and responsibilities communicated and reinforced to physical and cybersecurity personell? | D10: 0 | E10: =IF(D10=0,"Not communicated",IF(D10=1,"Poorly communicated",IF(D10=2,"Communicated but not reinforced",IF(D10=3,"Communicated and occasionally reinforced",IF(D10=4,"Clearly communicated and consistently reinforced"))))) -> Not communicated
C11: What training and evaluation processes are in place to ensure personnel understand and can effectively perform their roles? | D11: 0 | E11: =IF(D11=0,"No training or evaluation",IF(D11=1,"Minimal training, no evaluation",IF(D11=2,"Basic training with occasional evaluation",IF(D11=3,"Regular training and evaluation",IF(D11=4,"Comprehensive training with continuous evaluation and improvement"))))) -> No training or evaluation

Sheet PR.AT SUMMARY
A1: Category | B1: Subcategory | C1: NIST Testing Steps | D1: Interview Score /100 | E1: Score | F1: COBIT References
A2: Awareness and Training (PR.AT): The organization’s personnel and partners are provided cybersecurity awareness education and are trained to perform their cybersecurity- related duties and responsibilities consistent with related policies, procedures, and agreements. | B2: PR.AT-1: All users are informed and trained | C2: 1. Verify the existence of a comprehensive cybersecurity training program for all users. 2. Check records to ensure all users have completed the training. 3. Assess the training content for relevance and alignment with current threats and policies. 4. Confirm there is a process for users to provide feedback on the training. | D2: =(SUM(PR.AT!D2:D3)/8)*100 -> 0 | E2: =IF(D2<37.5,"N: Not Achieved, Requires Attention (0 to 37.5%)",IF(D2<=62.5,"P: Partially Achieved, Basic Requirements Met (>37.5 – 62.5%)",IF(D2<=75,"L: Largely Achieved (>65 to 75%)",IF(D2>75,"F: Fully Achieved (>85%)")))) -> N: Not Achieved, Requires Attention (0 to 37.5%) | F2: APO07.03, BAI05.07
B3: PR.AT-2: Privileged users understand their roles and responsibilities | C3: 1. Verify that privileged users receive specialized training tailored to their roles. 2. Evaluate methods to assess privileged users' understanding of their responsibilities. 3. Ensure that training includes information on access control and data protection. | D3: =(SUM(PR.AT!D4:D5)/8)*100 -> 0 | E3: =IF(D3<=37.5,"N: Not Achieved, Requires Attention (0 to 37.5%)",IF(D3<=62.5,"P: Partially Achieved, Basic Requirements Met (>37.5 – 62.5%)",IF(D3<=75,"L: Largely Achieved (>65 to 75%)",IF(D3>75,"F: Fully Achieved (>85%)")))) -> N: Not Achieved, Requires Attention (0 to 37.5%) | F3: APO07.02, DSS05.04, DSS06.03
B4: PR.AT-3: Third-party stakeholders (e.g., suppliers, customers, partners) understand their roles and responsibilities | C4: 1. Identify all third-party stakeholders involved with the organization. 2. Verify that these stakeholders receive appropriate training and communication regarding their cybersecurity roles. 3. Check that agreements with third parties include cybersecurity responsibilities | D4: =(SUM(PR.AT!D6:D7)/8)*100 -> 0 | E4: =IF(D4<=37.5,"N: Not Achieved, Requires Attention (0 to 37.5%)",IF(D4<=62.5,"P: Partially Achieved, Basic Requirements Met (>37.5 – 62.5%)",IF(D4<=75,"L: Largely Achieved (>65 to 75%)",IF(D4>75,"F: Fully Achieved (>85%)")))) -> N: Not Achieved, Requires Attention (0 to 37.5%) | F4: APO07.03, APO07.06, APO10.04, APO10.05
B5: PR.AT-4: Senior executives understand their roles and responsibilities | C5: 1. Verify the existence of a cybersecurity training program specifically for senior executives. 2. Ensure training includes information on cybersecurity risks and strategic decision-making. 3. Assess how senior executives are engaged in cybersecurity initiatives. | D5: =(SUM(PR.AT!D8:D9)/8)*100 -> 0 | E5: =IF(D5<=37.5,"N: Not Achieved, Requires Attention (0 to 37.5%)",IF(D5<=62.5,"P: Partially Achieved, Basic Requirements Met (>37.5 – 62.5%)",IF(D5<=75,"L: Largely Achieved (>65 to 75%)",IF(D5>75,"F: Fully Achieved (>85%)")))) -> N: Not Achieved, Requires Attention (0 to 37.5%) | F5: EDM01.01, APO01.02, APO07.03
B6: PR.AT-5: Physical and cybersecurity personnel understand their roles and responsibilities | C6: 1. Verify that both physical and cybersecurity personnel receive integrated training. 2. Ensure training clearly defines the roles and responsibilities of these personnel. 3. Assess how training promotes collaboration between physical and cybersecurity teams. | D6: =(SUM(PR.AT!D10:D11)/8)*100 -> 0 | E6: =IF(D6<=37.5,"N: Not Achieved, Requires Attention (0 to 37.5%)",IF(D6<=62.5,"P: Partially Achieved, Basic Requirements Met (>37.5 – 62.5%)",IF(D6<=75,"L: Largely Achieved (>65 to 75%)",IF(D6>75,"F: Fully Achieved (>85%)")))) -> N: Not Achieved, Requires Attention (0 to 37.5%) | F6: APO07.03

Sheet ID.GV
A1: Subcategory | B1: Objectives | C1: Question | D1: Score Dropdown [0-4] | E1: Answer Guidance. | G1: Scoring Scale
A2: ID.GV-1: Organizational cybersecurity policy is established and communicated | B2: Ensure that the organizational cybersecurity policy is established and communicated | C2: Has a comprehensive cybersecurity policy been developed? (e.g accidental or unauthorized backup overwrites, single point of failure, VPN) | D2: 0 | E2: =IF(D2=0,"No policy exists",IF(D2=1,"A draft policy exists but is incomplete",IF(D2=2,"A basic policy is developed but lacks detail",IF(D2=3,"A comprehensive policy is developed but not fully integrated",IF(D2=4,"A comprehensive policy is fully developed and integrated"))))) -> No policy exists | G2: 0. Not Implemented
C3: Is the policy communicated to all employees? | D3: 0 | E3: =IF(D3=0,"No communication of the policy.",IF(D3=1,"Policy is communicated to a limited audience",IF(D3=2,"Policy is communicated through informal channels",IF(D3=3,"Policy is communicated through formal channels but not regularly",IF(D3=4,"Policy is communicated regularly through formal channels"))))) -> No communication of the policy. | G3: 1. Partially Implemented
C4: Are there regular updates and reviews of the policy? | D4: 0 | E4: =IF(D4=0,"No updates or reviews",IF(D4=1,"Updates and reviews are sporadic",IF(D4=2,"Updates and reviews occur annually",IF(D4=3,"Updates and reviews occur semi-annually",IF(D4=4,"Updates and reviews occur quarterly or more frequently"))))) -> No updates or reviews | G4: 2. Moderately Implemented
C5: Is there a process for employees to provide feedback on the policy? | D5: 0 | E5: =IF(D5=0,"No feedback process exists",IF(D5=1,"Informal feedback is occasionally gathered",IF(D5=2,"A formal feedback process exists but is rarely used",IF(D5=3,"A formal feedback process is used occasionally",IF(D5=4,"A formal feedback process is regularly used and encouraged"))))) -> No feedback process exists | G5: 3. Mostly Implemented
A6: ID.GV-2: Cybersecurity roles and responsibilities are coordinated and aligned with internal roles and external partners | B6: Ensure that cybesecurity roles and responsibilities are coordinated and aligned with internal roles and external partners | C6: Are specific cybersecurity roles and responsibilities clearly defined? | D6: 0 | E6: =IF(D6=0,"No roles defined",IF(D6=1,"Roles are vaguely defined",IF(D6=2,"Basic roles are defined but lack clarity",IF(D6=3,"Roles are clearly defined but not fully communicated",IF(D6=4,"Roles are clearly defined and fully communicated"))))) -> No roles defined | G6: 4. Fully Implemented
C7: How effectively are these roles communicated to both internal staff and external partners? | D7: 0 | E7: =IF(D7=0,"No communication of roles",IF(D7=1,"Roles communicated to a limited audience",IF(D7=2,"Roles communicated informally",IF(D7=3,"Roles communicated formally but not regularly",IF(D7=4,"Roles communicated regularly and formally"))))) -> No communication of roles
C8: To what extent is there a designated person responsible for coordinating cybersecurity efforts? | D8: 0 | E8: =IF(D8=0,"No designated person",IF(D8=1,"A person is informally responsible",IF(D8=2,"A person is designated but lacks authority",IF(D8=3,"A person is designated with some authority",IF(D8=4,"A person is fully designated and empowered"))))) -> No designated person
C9: How well are cybersecurity roles aligned with the organization's overall business objectives? | D9: 0 | E9: =IF(D9=0,"No alignment",IF(D9=1,"Minimal alignment",IF(D9=2,"Some alignment but not strategic",IF(D9=3,"Good alignment with some strategic elements",IF(D9=4,"Full alignment with strategic integration"))))) -> No alignment
A10: ID.GV-3: Legal and regulatory requirements regarding cybersecurity, including privacy and civil liberties obligations, are understood and managed | B10: Ensure that legal and regulatory requirements regarding cybersecurity, including privacy and civil liberties obligations, are understood and managed | C10: How comprehensively are the applicable legal and regulatory cybersecurity requirements identified? | D10: 0 | E10: =IF(D10=0,"No identification of requirements",IF(D10=1,"Minimal identification",IF(D10=2,"Basic identification but incomplete",IF(D10=3,"Comprehensive identification but not fully documented",IF(D10=4,"Fully comprehensive and documented identification"))))) -> No identification of requirements
C11: How effectively is compliance with these requirements ensured and monitored? | D11: 0 | E11: =IF(D11=0,"No compliance monitoring.",IF(D11=1,"Minimal compliance monitoring",IF(D11=2,"Basic compliance monitoring",IF(D11=3,"Effective compliance monitoring but not continuous",IF(D11=4,"Continuous and effective compliance monitoring"))))) -> No compliance monitoring.
C12: To what extent are employees trained on privacy and civil liberties obligations? | D12: 0 | E12: =IF(D12=0,"No training provided",IF(D12=1,"Minimal training provided",IF(D12=2,"Basic training provided",IF(D12=3,"Comprehensive training provided but not regularly",IF(D12=4,"Regular and comprehensive training provided"))))) -> No training provided
C13: How well is the process for staying updated on changes in regulations implemented? | D13: 0 | E13: =IF(D13=0,"No process in place",IF(D13=1,"Minimal process in place",IF(D13=2,"Basic process in place",IF(D13=3,"Effective process but not regularly updated",IF(D13=4,"Regularly updated and effective process"))))) -> No process in place
A14: ID.GV-4: Governance and risk management processes address cybersecurity risks | B14: Ensure that governance and risk management processes address cybersecurity risks like phishing. | C14: How effectively are cybersecurity risks identified and assessed within the organization? | D14: 0 | E14: =IF(D14=0,"No risk identification or assessment",IF(D14=1,"Minimal risk identification and assessment",IF(D14=2,"Basic risk identification and assessment",IF(D14=3,"Effective risk identification and assessment but not comprehensive",IF(D14=4,"Comprehensive and effective risk identification and assessment"))))) -> No risk identification or assessment
C15: To what extent are processes in place to manage and mitigate identified cybersecurity risks? | D15: 0 | E15: =IF(D15=0,"No processes in place",IF(D15=1,"Minimal processes in place",IF(D15=2,"Basic processes in place",IF(D15=3,"Effective processes but not comprehensive",IF(D15=4,"Comprehensive and effective processes"))))) -> No processes in place
C16: How comprehensively is phishing risk addressed within governance processes? | D16: 0 | E16: =IF(D16=0,"No addressing of phishing risk",IF(D16=1,"Minimal addressing of phishing risk",IF(D16=2,"Basic addressing of phishing risk",IF(D16=3,"Effective addressing of phishing risk but not comprehensive",IF(D16=4,"Comprehensive and effective addressing of phishing risk"))))) -> No addressing of phishing risk
C17: How regularly are audits or assessments of risk management practices conducted and utilized? | D17: 0 | E17: =IF(D17=0,"No audits or assessments conducted",IF(D17=1,"Minimal audits or assessments conducted",IF(D17=2,"Basic audits or assessments conducted",IF(D17=3,"Regular audits or assessments conducted but not fully utilized",IF(D17=4,"Regular and fully utilized audits or assessments"))))) -> No audits or assessments conducted

Sheet ID.GV SUMMARY
A1: Category | B1: Subcategory | C1: NIST Testing Steps | D1: Interview Score /100 | E1: Score | F1: COBIT References
A2: Governance (ID.GV): The policies, procedures, and processes to manage and monitor the organization’s regulatory, legal, risk, environmental, and operational requirements are understood and inform the management of cybersecurity risk. | B2: ID.GV-1: Organizational cybersecurity policy is established and communicated | C2: 1. Verify the existence of a documented cybersecurity policy. 2. Check how the policy is communicated to all employees and stakeholders. 3. Ensure the policy is regularly reviewed and updated. 4. Confirm there is a process for employee feedback on the policy. | D2: =(SUM(ID.GV!D2:D5)/16)*100 -> 0 | E2: =IF(D2<50,"N: Not Achieved, Requires Attention (0 to 50%)",IF(D2>=50,"P: Partially Achieved, Basic Requirements Met (>50 – 68%)",IF(D2>68,"L: Largely Achieved (>68 – 75%)",IF(D2>75,"F: Fully Achieved (>75%)")))) -> N: Not Achieved, Requires Attention (0 to 50%) | F2: APO01.03, APO13.01, EDM01.01, EDM01.02
B3: ID.GV-2: Cybersecurity roles and responsibilities are coordinated and aligned with internal roles and external partners | C3: 1. Verify that cybersecurity roles and responsibilities are clearly defined. 2. Ensure roles are aligned with internal and external partners. 3. Assess how roles and responsibilities are communicated within the organization. 4. Evaluate the coordination between different roles and departments. | D3: =(SUM(ID.GV!D6:D9)/16)*100 -> 0 | E3: =IF(D3<50,"N: Not Achieved, Requires Attention (0 to 50%)",IF(D3>=50,"P: Partially Achieved, Basic Requirements Met (>50 – 68%)",IF(D3>68,"L: Largely Achieved (>68 – 75%)",IF(D3>75,"F: Fully Achieved (>75%)")))) -> N: Not Achieved, Requires Attention (0 to 50%) | F3: APO01.02, APO10.03, APO13.02, DSS05.04
B4: ID.GV-3: Legal and regulatory requirements regarding cybersecurity, including privacy and civil liberties obligations, are understood and managed | C4: 1. Verify that all applicable legal and regulatory requirements are identified. 2. Check the processes in place to ensure compliance. 3. Ensure employees are trained on privacy and civil liberties obligations. 4. Confirm there is a process for staying updated on regulatory changes. | D4: =(SUM(ID.GV!D10:D13)/16)*100 -> 0 | E4: =IF(D4<50,"N: Not Achieved, Requires Attention (0 to 50%)",IF(D4>=50,"P: Partially Achieved, Basic Requirements Met (>50 – 68%)",IF(D4>68,"L: Largely Achieved (>68 – 75%)",IF(D4>75,"F: Fully Achieved (>75%)")))) -> N: Not Achieved, Requires Attention (0 to 50%) | F4: BAI02.01, MEA03.01, MEA03.04
B5: ID.GV-4: Governance and risk management processes address cybersecurity risks | C5: 1. Assess how cybersecurity risks are identified and documented. 2. Verify the processes in place to manage and mitigate risks. 3. Ensure risk management processes are integrated into overall governance. 4. Check for regular audits or assessments of risk management practices. | D5: =(SUM(ID.GV!D14:D17)/16)*100 -> 0 | E5: =IF(D5<50,"N: Not Achieved, Requires Attention (0 to 50%)",IF(D5>=50,"P: Partially Achieved, Basic Requirements Met (>50 – 68%)",IF(D5>68,"L: Largely Achieved (>68 – 75%)",IF(D5>75,"F: Fully Achieved (>75%)")))) -> N: Not Achieved, Requires Attention (0 to 50%) | F5: EDM03.02, APO12.02, APO12.05, DSS04.02

Sheet PROFILE SUMMARY
A1: CURRENT PROFILE SUMMARY:
A2: PROTECT - AWARENESS AND TRAINING
A3: Subcategory | B3: Interview Score /100 | C3: Score
A4: PR.AT-1: All users are informed and trained | B4: ='PR.AT SUMMARY'!D2 -> 0 | C4: ='PR.AT SUMMARY'!E2 -> N: Not Achieved, Requires Attention (0 to 37.5%)
A5: PR.AT-2: Privileged users understand their roles and responsibilities | B5: ='PR.AT SUMMARY'!D3 -> 0 | C5: ='PR.AT SUMMARY'!E3 -> N: Not Achieved, Requires Attention (0 to 37.5%)
A6: PR.AT-3: Third-party stakeholders (e.g., suppliers, customers, partners) understand their roles and responsibilities | B6: ='PR.AT SUMMARY'!D4 -> 0 | C6: ='PR.AT SUMMARY'!E4 -> N: Not Achieved, Requires Attention (0 to 37.5%)
A7: PR.AT-4: Senior executives understand their roles and responsibilities | B7: ='PR.AT SUMMARY'!D5 -> 0 | C7: ='PR.AT SUMMARY'!E5 -> N: Not Achieved, Requires Attention (0 to 37.5%)
A8: PR.AT-5: Physical and cybersecurity personnel understand their roles and responsibilities | B8: ='PR.AT SUMMARY'!D6 -> 0 | C8: ='PR.AT SUMMARY'!E6 -> N: Not Achieved, Requires Attention (0 to 37.5%)
A9: IDENTIFY - GOVERNANCE
A10: Subcategory | B10: Interview Score /100 | C10: Score
A11: ID.GV-1: Organizational cybersecurity policy is established and communicated | B11: ='ID.GV SUMMARY'!D2 -> 0 | C11: ='ID.GV SUMMARY'!E2 -> N: Not Achieved, Requires Attention (0 to 50%)
A12: ID.GV-2: Cybersecurity roles and responsibilities are coordinated and aligned with internal roles and external partners | B12: ='ID.GV SUMMARY'!D3 -> 0 | C12: ='ID.GV SUMMARY'!E3 -> N: Not Achieved, Requires Attention (0 to 50%)
A13: ID.GV-3: Legal and regulatory requirements regarding cybersecurity, including privacy and civil liberties obligations, are understood and managed | B13: ='ID.GV SUMMARY'!D4 -> 0 | C13: ='ID.GV SUMMARY'!E4 -> N: Not Achieved, Requires Attention (0 to 50%)
A14: ID.GV-4: Governance and risk management processes address cybersecurity risks | B14: ='ID.GV SUMMARY'!D5 -> 0 | C14: ='ID.GV SUMMARY'!E5 -> N: Not Achieved, Requires Attention (0 to 50%)

Sheet Dropdown
A1: 0 | C1: =IF(D3=0,"",IF(D3=1,"",IF(D3=2,"",IF(D3=3,"",IF(D3=4,"")))))
A2: 1
A3: 2
A4: 3
A5: 4
